id,loan_amount,total_payment
Summary,,Percentage Charged Off: 3.84%
Summary,,"Total Paid Before Charge Off: $66,568.86"
38656067,26500,41.53178814278687
38654836,11200,31.64978091323602
38645713,8150,31.067698654570577
38626372,3000,19.899223098979785
38614969,3825,24.72725109922384
38606529,9650,34.206507785050064
38605667,7650,30.17596418296052
38604389,13975,29.36401439243277
38594765,12000,35.9963878720715
38585406,5000,21.92169653914077
38584817,25000,25.35353094080149
38584146,7500,28.29621560305128
38565594,23550,38.17610621124862
38554987,10000,32.848212564142
38554314,30000,50.264709108337726
38545894,6425,26.4934691674089
38544952,25000,44.925863847933535
38544832,20000,41.82010172268194
38544687,16000,33.944483956957505
38534746,13100,28.50081743952208
38516117,10000,27.041972589634685
38506322,20575,38.76564876108167
38505266,25000,42.84218545517604
38505068,16000,32.05517395038689
38486189,18000,36.600425966786986
38485707,25000,41.7019679602821
38484264,4000,22.31161365429609
38525080,15000,33.350163052055
38524692,9125,33.05288550437198
38524475,18700,32.068706291733115
38445485,5000,23.018172213234504
38444556,20000,39.04576925708502
38436227,14700,31.78889261889272
38436207,5950,27.690538579999007
38435613,25850,47.37375532393343
38424657,35000,48.543704228286266
38413524,28425,54.20622902930873
38362347,24000,34.208602914890086
38361826,35000,40.94195421502241
38342053,14400,29.675390750161583
38331938,8950,27.219835391597016
38301949,13475,38.34423033630576
38301447,35000,43.81173499746421
38282424,15050,41.03935162387581
38272763,24000,37.77459485229024
38272406,5000,25.474335869167696
38272401,8000,29.65379189194024
38251206,10775,32.25688906369531
38232153,20000,31.54872157418457
38222416,21600,40.76225073966234
38221279,14400,29.046117431975787
38182279,15000,33.69339538306859
38038467,10500,28.5653469114447
38018271,8000,30.30614183113586
37938376,15000,31.43067388665302
37927618,20000,24.433464164625413
37811630,14000,30.785084839899845
37761743,9850,32.69549540156593
37752194,13375,35.37716643799942
37732016,15000,25.78757819795649
37731131,18000,36.01718072871141
37702127,24300,41.10556727102247
37680848,20000,37.70211440298582
37720650,7900,26.181258729568963
37661094,12000,26.674104277395823
37651039,20000,32.33994151711044
37640409,11200,26.67838624480933
37630730,11200,29.47636111407539
37329237,13500,23.812073354035764
37267525,19100,43.34687976572863
37247206,10800,30.66692341063927
37077186,14000,38.76065812242142
37068125,7200,30.621292786384814
36460810,16800,35.22696974143688
10176174,35000,61.26353239753895
10175791,12000,51.86834485938496
10175450,15000,45.15100128602199
10175069,15000,43.02268878996364
10167985,8575,45.30839913034324
10167075,29175,37.95543668247082
10164607,5000,27.554902732170817
10159109,10600,39.02912105038597
10156785,21725,60.21660882394421
10149332,23675,57.02367602173134
10148049,14000,48.44044655411899
10145255,11100,42.95762500702671
10139596,15000,54.20194657302777
10138406,32350,60.844145802629136
10137648,10400,45.31568471950041
10137216,13000,24.42314426606893
10128831,8000,42.10537053410621
10125667,25000,55.40906742301604
10124658,18825,39.97696976954201
10119336,35000,70.08675355355244
10119273,25000,63.11515374192815
10117142,12000,52.56938759710971
10116955,11200,42.2047797649585
10116392,8900,26.859923442584595
10108424,15000,48.76005393685778
10107835,14000,50.73047826971222
10106511,7200,35.197043048685686
10105870,12175,53.879517139650055
10105205,18000,44.05931721768345
10104914,18000,42.05439575601795
10097781,35000,66.07903112867356
10097122,15600,46.818977988216815
10078606,19800,42.52312282984766
10077662,27000,63.3304293915828
10065534,5000,35.717028696408825
10065405,15000,39.14039271252209
10064746,17625,49.778819199456166
9934836,10000,40.02517908362898
9894595,30000,61.96033231192747
9877750,7000,29.07188479255972
9874897,35000,63.28770011976798
9874764,8000,31.20383766212681
9866655,7200,35.55198985262933
9865791,3000,23.542314050554587
9858558,16800,55.0618925785259
9858465,1200,23.29034831838823
9858115,4575,38.906885791978624
9854799,18000,51.45185548895705
9848072,21500,36.70360167988781
9848020,10000,41.99478580313109
9845904,10625,40.686030776848895
9845842,4800,37.755216941293085
9844595,33000,55.515223146825534
9838286,20000,37.77488208872653
9838064,18000,51.60088769015801
9836699,10000,28.14743258275632
9827865,12500,50.34417113130036
9826923,20050,46.84168409613357
9825787,18225,51.97906200003428
9817063,30875,71.47987411450467
9815857,5500,34.26343572481365
9808090,15000,46.65361985680829
9807384,7475,33.8648394133703
9807288,10500,42.87609754706999
9805119,23000,34.25040301352532
9796970,9125,34.839730352928704
9796603,22000,63.49436383375112
9795921,25000,46.820984717926656
9795585,19425,50.15309112071739
9787243,24000,40.64912702192605
9777773,17500,54.73197365197269
9776937,22250,52.40751727371918
9774830,18000,43.2643979513726
9774649,4000,35.32998727954189
9767748,21000,42.084750337914265
9767166,22000,22.68211192845345
9766415,9950,39.74894370818775
9765543,7750,45.10926725725494
9765331,12000,51.86923754225597
9755973,8000,27.99247966264764
9755428,23150,58.65137967249928
9745035,14125,53.36032430584706
9735125,8000,45.49375140008391
9735056,8000,41.9850728540817
9725808,2600,25.603324767353072
9725490,18000,50.14230038616787
9716594,22050,64.50658808445725
9706553,10000,31.47774992864417
9705304,4000,28.007056021961045
9705270,20000,47.3051366607502
9705133,10000,37.53967008261391
9694869,6075,30.39823265182257
9676505,25000,31.78457410746276
9676233,9450,31.978070753914064
9674967,12250,47.55104936847678
9665219,2100,23.406511543066244
9655213,8000,33.01603148858669
9654813,28000,66.52360974207531
9646563,10900,33.09232101807552
9646098,3000,27.90034044234196
9644937,5125,30.874182289693664
9644669,10000,28.22310053132317
9624580,29175,53.47918501406718
9614977,11000,50.06555829531241
9464620,15000,40.40684122349625
9564924,16825,44.452990572382674
9544968,5000,25.353352870513795
9484965,8500,46.8188977154388
9454789,7200,42.98126112072702
9445275,19750,59.86760108323462
9445226,5000,31.486081204978912
9414747,21000,54.884085712520616
9394955,14400,45.75627355587925
9384977,35000,70.09326712278117
9314582,11200,35.00612868329931
9295142,12000,32.19623441827016
9295059,5000,36.24880993072403
9294954,11325,46.48466183115856
9284983,9600,32.87848219969796
9284923,14550,46.95123993486647
9264599,11400,46.91614624019054
9238242,16100,26.06714887373661
9238230,12375,51.260686283112165
9237354,18000,60.72272309665468
9237347,10000,46.00810972639848
9236198,11875,49.50651600241567
9235313,35000,68.5918303101038
9199096,21000,44.26334747854546
9199075,11700,48.37425998598018
9198681,10375,43.87329062448576
9196662,27300,57.96716684120156
9229440,9000,46.47798320636294
9228959,16750,40.86141375793693
9228131,7800,40.50198561551998
9227546,10000,32.45655970348195
9227520,33425,60.7009182884206
9227273,7000,35.79070628162595
9227240,8000,46.05973379889354
9227029,35000,58.82251998550292
9224984,13750,34.89944693653266
9224783,16000,54.15441514432951
9224637,25450,61.493051038534695
9215382,30000,45.513752664229685
9209285,15000,40.66955461522148
9206038,12000,38.42167828602015
9189717,26500,53.82243803744962
9189022,19125,50.46847255582835
9187491,16000,47.948992770407656
9185914,6600,41.354689146898885
9185164,16000,40.24186594309006
9184593,18000,20.32462692992752
9165143,20000,48.61808674073446
9155305,10000,44.08854989172436
9154944,35000,48.07509449915744
9135109,15000,48.213201891176624
9134873,12000,36.12984433261056
9104600,15875,59.32530194530289
9094824,5000,34.334744369876105
9077950,12000,47.29559484215688
9076356,13500,52.0900173923797
9067571,14600,54.29818632213815
9066610,15000,54.9089732526834
9065106,4000,36.26776250827394
9064627,16000,51.14698416385399
9057306,30000,68.07263186448199
9057022,13150,39.88388846284724
9056252,8500,37.59649910838265
9056056,16000,55.84120716641647
9054960,6500,21.79136164691057
9054859,31300,48.5877303647905
9048495,5000,31.335752636174966
9046886,23500,64.28379804884302
9044843,10000,47.14012757407837
9044777,18825,62.70741167039439
9037711,30000,69.94636335444312
9036774,23275,57.7447917977318
9036274,16950,54.812791027965744
9035555,9750,46.251044232915504
9034564,3200,28.18455223335404
9024799,17000,50.431885220410926
9011732,5125,38.50695814229115
9008859,11000,44.14485245170712
9008788,5500,21.628226483716304
9007769,8500,41.50086088598859
9007665,14125,38.90301495347244
9006426,27300,71.3954554599693
9006305,18000,54.36701234597636
9005913,15600,42.07521124106441
9005175,13475,50.37719236079254
9000440,11500,50.85272725738712
9000269,9000,40.215930672527485
8998860,9000,40.02748408645628
8998633,15000,36.75209524641589
8997706,24000,58.53401571946282
8997078,19425,48.86807316840103
8995493,6000,39.06152019300714
8981817,23325,35.072653918028216
8981176,15900,44.470202038012125
8981034,20000,50.77834006346031
8979192,28000,43.41785002588559
8976980,9750,22.010655879150924
8976324,15000,38.220499802201694
8975241,9750,43.92397407129726
8974875,15000,50.34074866260375
8991657,8975,44.66262565976913
8991552,10000,44.86940746931814
8990747,10000,21.735292768893963
8990677,9000,43.71381219920714
8988627,14000,46.14451621922326
8987269,5700,30.57217599886404
8986805,24000,59.5499919606079
8986278,5000,40.470725850819946
8972176,9750,35.036614530953344
8971807,12000,35.43702580886864
8969195,18000,57.209174929400056
8966439,35000,64.34623575400096
8966278,7800,45.049541716311566
8965049,7500,38.37595459647033
8961859,10000,28.19901066540981
8961811,5000,39.09551466135312
8959425,15000,44.846580896176185
8958437,15000,30.01510698760556
8957195,2400,24.55306744629525
8955972,5000,19.88363623013908
8945772,15000,42.53126308589143
8945258,14400,45.25532930441266
8935714,11200,33.95425563410828
8925939,11100,49.0468826194294
8916105,8450,51.05521340806008
8915763,20000,58.90576019213469
8906032,28000,65.3317245135372
8905982,2500,31.347885047769065
8905972,8800,31.924258953145767
8904834,14250,40.13730632231198
8885016,11200,35.91184555609582
8875460,10000,42.40837498757001
8875309,18000,42.001302944649815
8874832,33000,66.61875035185695
8866566,8000,29.7238772151069
8846124,25000,47.55812911703594
8845904,4800,36.0683180122557
8835440,35000,56.90599327720996
8825489,11875,45.7935072386297
8816353,20000,47.67390524831364
8815892,8000,31.94445908912109
8815633,20000,53.79905032354573
8806185,8725,24.400756062489464
8805674,26500,64.03135271709017
8805025,16800,56.76155742996026
8794913,17050,51.92980219423169
8786138,35000,57.81989040725692
8775017,21000,49.119133974524814
8756133,12000,44.68223245101208
8670260,9025,46.41849658393833
8670209,5000,26.2594161277344
8669279,31300,47.3392877621211
8668654,3050,20.42282049491833
8667407,35000,72.00090966411616
8667268,17625,55.49124434005416
8666807,10000,48.17098643317258
8666690,8300,42.68183205269624
8665927,3250,23.917639917733545
8665321,12000,43.95942860908222
8660060,25000,63.14554844616123
8659341,20000,60.18515322701232
8658926,11200,45.31805560149585
8658836,18550,43.27201179928502
8658509,14000,29.83068918159616
8658483,15850,57.94297511653535
8658155,12000,45.8237534153624
8657386,20500,48.03136372598579
8657224,35000,47.23934017835019
8656278,23850,54.5122517469953
8655252,25000,50.39692879978332
8650201,9600,45.97613598455219
8647709,14000,42.27929411592671
8647535,12000,48.2269966923403
8647504,6000,35.02633138529005
8647412,7000,43.97617899103429
8645905,20000,32.49008407411164
8640060,8000,43.70515360210103
8639901,20000,52.86033809038575
8638786,8000,45.84369065053863
8637428,12375,40.01332061866053
8637368,16200,48.12722814601808
8637075,10000,44.76856782854593
8636969,10000,49.301715159128655
8636762,15000,34.93576471022944
8636661,6000,37.3100897837887
8636220,2000,28.41526768373448
8636000,7200,43.12764580474054
8634737,10000,49.0150084495827
8628750,24000,47.97137689120805
8628565,18250,62.54154583838449
8628102,12000,33.54056141588478
8627515,35000,65.07728112736591
8627202,17050,35.39228992502558
8626992,15000,48.67616142006104
8626923,26300,65.12399893857302
8625646,10000,39.05656576786362
8620165,15000,49.42765137381117
8619718,13150,43.62118412233854
8619582,28100,66.45522956483683
8617375,10000,37.14792462896992
8616956,8875,45.17340612698597
8616886,28000,59.77909527670764
8616388,11875,22.737387010393785
8615837,18000,58.09444834083549
8614998,7750,46.86693173523694
8614925,5475,38.613486798907424
8614746,11200,52.75385509291334
8610636,8000,31.74022886221958
8610614,14500,41.56939023039385
8610558,10000,46.23003048205968
8610467,25000,57.36197473212858
8610327,33000,64.3125983585047
8608962,21000,56.93822767377527
8608465,9125,42.745006700140685
8606822,5500,25.483773331471344
8606721,24000,44.37495649973594
8605986,10300,41.05828211971602
8605612,11000,44.87135962204828
8605190,9250,45.92098549112527
8604721,4000,34.589265855070536
8600056,15000,43.87237633585679
8599996,24450,59.83366838474613
8598394,11000,49.59692735253998
8598280,20000,41.797891060436434
8597972,4000,30.850154482167447
8597282,4000,35.52435958464626
8595814,25000,62.46297979719012
8581235,32000,58.2789677376397
8580715,14000,54.7312509793073
8580596,9000,39.849222222257
8579763,10000,42.726764667664575
8579124,24000,61.58889952338548
8576717,17000,51.17485343283063
8575880,12000,40.695131269207415
8575742,3600,36.55258543108912
8575561,10575,38.79696715105462
8590996,11625,51.32746764944629
8589886,8000,44.83158375386059
8589663,18825,35.32389968115948
8589495,29000,69.07849708200415
8586674,35000,64.3624369524871
8585209,17050,54.01885436643119
8585002,15000,48.99491630285135
8571305,3650,26.32478923558865
8570394,9000,48.40693810253404
8568104,20000,58.09410219944905
8566206,9750,44.404043153648
8565337,9750,49.40705507391044
8561194,8325,50.05000358551125
8560590,7125,37.53094402661238
8559848,28000,65.58042817484902
8558553,4000,34.77788051360723
8557791,8500,26.56418127020669
8557741,8875,31.9917236094604
8557337,15000,56.69809753319227
8545756,10000,27.37736508430802
8545038,15000,52.7791975291618
8544678,20000,50.16487867133845
8534998,14000,47.31734664834882
8514965,28000,71.95768996397167
8514734,16000,53.96255560417483
8494957,25000,57.17630243703668
8474951,7000,42.619697472456856
8434577,17625,39.3021698964025
8414595,8000,40.14749205253514
8396640,11000,53.56164630086314
8395812,11500,51.54200984664575
8395806,14400,49.14815432498619
8394756,21000,49.24153800999493
8386268,8000,40.921165860503386
8384802,12000,46.21924183893535
8366449,32350,70.61961060011848
8365959,9500,46.487674727022025
8365901,6000,35.039041630702506
8364877,14000,44.48559204675573
9228206,24000,34.24871103254887
8356523,23525,58.05882573553683
8356291,18000,54.17837084571364
8356180,14000,52.13733467635476
8355050,8000,46.51019118596093
8354763,10000,47.96049338623848
8354653,10850,36.29402360014852
8334944,15000,47.6564043984425
8334781,20000,62.70406340521432
8305442,15000,58.53312942075906
8304867,32875,50.34914212565037
8295625,35000,57.63745173551688
8286189,11300,48.89643765651371
8285951,35000,72.50632107356286
8285601,9750,46.89620618314392
8276439,18000,50.88780228355896
8274634,10000,44.82781830345522
8265888,29175,55.84293242852096
8265577,10000,48.00923932410937
8265164,15000,53.200702390154895
8264600,9600,33.82388468776157
8264562,25000,54.54975695156517
8225330,19000,28.53364977012173
8214925,9600,50.11370445978161
8184911,20000,58.04443942723741
8158117,22475,43.60462293448833
8158033,9700,34.07792457449193
8156643,20000,58.09321951995185
8156475,7200,45.610619942958174
8155805,8000,36.715585004286616
8155410,8875,42.84646733429856
8154825,10000,41.56789694957503
8146481,27225,65.57314003864202
8146124,3300,33.146527907097905
8145403,20000,51.82735691488391
8144798,24375,59.67826438427981
8138465,3500,31.17336543748593
8137655,6000,30.978894233530124
8136664,25000,56.417305237938514
8136079,18450,56.984035264655816
8127992,5000,24.480277552224205
8127903,25000,38.6860759190619
8127851,18125,40.5108826608748
8127822,22000,62.30723681316815
8127206,7550,44.18917853175347
8126774,7750,46.2013044993214
8126206,6075,33.49607144462185
8125884,12000,43.47832053732501
8117378,20000,24.612645015808027
8117308,4725,33.628319530133965
8116971,14675,45.79429045390831
8116057,6000,25.28927106399349
8116015,5000,33.74624252898523
8114688,7200,44.06161374740101
8096216,16800,52.81667186352294
8095974,18250,60.52306859397285
8095717,18825,52.47453465329428
8095659,10925,50.24087447713438
8095474,11875,48.45850677402576
8095315,3000,32.819186736863614
8095275,26000,69.93962023523646
8095142,10000,46.68149448565165
8095126,10000,46.00855310779252
8065108,15000,42.32187344981183
8054734,20000,35.29966933281058
8054651,12000,39.39905142541955
8054565,20000,54.793875977594126
8044800,6250,41.76725413986872
8024621,12000,33.58757327547664
8015377,12875,41.85494723842807
7964799,26500,63.66216571399647
7956458,28000,62.96255421758109
7955737,13250,55.17107671792624
7955643,15000,51.99171977524643
7954649,29000,58.8758616950348
7945870,16000,47.064892732242335
7945726,21725,54.71782919439552
7936650,13000,55.105349125971614
7935670,20000,56.71618392751027
7927337,11000,31.401159412137748
7927281,20125,53.332923252842704
7926132,33425,65.34329039568723
7925513,22000,64.3493698530198
7925255,13750,49.711878644653545
7924965,5000,23.41303676125037
7924919,7000,19.650662980370104
7916577,17500,59.0995533715934
7914684,20000,61.02194638913972
7905026,5000,35.66498634059759
7874608,23500,67.02552751317546
7864768,6250,24.470852272207186
7731455,33000,72.75531627210361
7731262,8000,42.00718659195974
7731195,28000,63.06165673654636
7731075,10575,43.86277400601529
7730301,13000,36.61251961242496
9236824,10000,25.902936261392927
7728097,19650,53.88433540680117
7728073,6000,42.9957032319911
7727156,5000,38.95698299024711
7726231,5400,31.77224566563996
7725795,24375,32.22412285179581
7725704,24000,58.07800199640472
7725259,3500,35.217219602157336
7721018,6250,28.366958325201026
7721005,5375,29.489755186782627
7720842,5600,30.626431277393763
7720762,10950,51.15719525787716
7715391,20000,50.59408309046092
7715267,35000,43.75962729204309
7715075,2700,32.54758632434967
7711421,9750,47.46332356785104
7710800,2900,30.162835385434363
7710174,10000,41.572580063542965
7708732,17000,39.073843244506165
7708675,7200,35.03399670014299
7708200,18000,46.69903702728291
7707813,5000,32.819186736863614
7707677,8875,43.52447695558579
7707101,24250,48.14122431535242
7706143,12000,54.32913229102709
7705836,7200,44.24822196473572
7705115,23325,57.324265693784575
7701167,10000,48.38077410894505
7701065,12000,51.20783166928938
10085445,19000,61.5830744841945
7698353,35000,69.57471794938206
7696103,30000,46.59974201764027
7695004,7200,29.72977973024428
7694950,16000,41.92413179239445
7688590,4375,34.46553857587244
7688329,6250,39.7936314268193
7688285,28000,61.50052728545279
7687275,28000,62.713470214859534
7685945,3625,28.28069737764134
7684854,12000,36.75235515779208
7684782,30000,64.16212687718458
7684577,17625,40.12383872999048
7681098,6000,37.41379343074183
7680146,15000,54.51727252186979
7679356,8000,43.32254630978016
7678849,35000,70.39270635026574
7678174,8500,42.77493750969144
7677976,1400,27.50493549715624
7677803,13000,54.30894210870301
7677397,17500,40.40145456660776
7676028,15000,41.80259013898354
7675669,3500,35.1312643915511
7669115,1200,22.84241301959309
7668535,17000,56.28926694932085
7665819,9600,49.86404425215963
7665296,18825,57.89587200069879
7659644,20000,55.06924304084554
7659183,15000,51.2471483042192
7658293,19750,54.699297350278776
7656902,30000,56.127135755570805
7656307,15000,37.15543018943425
7654819,24000,36.751792011894665
7650098,17500,41.49704709127055
7647127,15250,43.9025277829066
7644796,15500,46.26543556001421
8609707,12000,41.18875684080108
7638978,5000,32.514563320613114
7638613,4750,39.75840091471375
7638443,7000,37.55499330933999
7638067,9000,46.164452086780855
7638063,17500,39.58213506391888
7637549,19075,57.28855387402385
7637346,20675,52.62666663664895
7636276,21600,58.88468630769432
7635168,7025,39.39112188912905
7629726,18225,56.73594742605864
7629473,16000,49.28639513186611
7628816,20125,42.334378622837264
7628507,30000,38.642225310293895
7627526,30000,70.99945028020002
7627459,12000,48.34136178432231
7626864,35000,63.38871132187016
7625311,4800,39.598138683591216
7625249,21250,55.3604249958032
7625144,8750,40.44042178313457
7624815,13250,46.36079440751218
7619759,6000,41.53882457867044
7619577,15000,39.2129693956085
7618745,8500,45.2728518249804
7618428,18250,55.00686499252656
7617859,9000,47.22561706825613
7616172,17625,62.25034427330525
7615890,25000,44.08245288341413
7604564,6000,36.12912749070624
7595214,10000,34.5280007850235
7594822,4125,37.70071388644187
7594570,21200,49.16101424388373
7584739,24000,51.265234495534514
7574646,20375,55.39860640630662
7565015,5375,37.34751884389929
7564949,5500,41.33125685837829
7564939,8325,46.48916745826683
7535825,27575,62.28243165044623
7535377,18000,60.59302061182196
7534982,8000,39.69898754220635
7524616,20500,62.40549374281251
7524587,17475,58.3939149825412
7515501,20675,54.814816161276106
7515400,16000,30.48959793436315
7515206,13000,38.50395555538313
7505767,35000,70.25088986103675
7505184,16100,45.920540413651686
7504931,3500,35.1270978290777
7504691,12250,52.98172504363507
7504595,9450,48.48984895919193
7496209,28625,63.206321380985365
7456873,1000,23.37788431730386
7456063,4500,26.712594689506272
7455944,16000,52.13078358202574
7449819,5000,40.4644251724132
8845145,30000,62.56285280940575
7449167,26500,44.26385647450744
7449064,18225,38.87740949928007
7447586,8000,45.43983597678165
7447314,18000,47.6808452264628
7446386,22050,55.34708134955724
7446299,35000,69.0626654430249
7445683,4200,29.46909273448268
7441298,16800,48.29992428077238
7439062,11200,53.08161505581893
7438076,3600,29.403788610460325
7436994,26325,60.73316097573122
7436912,17550,62.95109204041707
7436655,5750,41.26810175090532
7436464,15000,54.24921483409894
7436393,22250,45.1599773981746
7425023,5925,39.78356130210466
7389740,18000,58.07852149930856
7388706,10625,29.330396796689776
7387324,14300,50.312194401688586
7386622,25000,36.43023715426409
7386409,5000,40.45321517057036
7386314,10750,44.24873130858513
7383175,9750,42.259630943243295
7382919,20050,44.88638842072273
7381958,3600,36.79799999026103
7381682,17000,51.63925156399298
7381672,22875,63.39523186250821
7097463,5500,38.220299337309854
7381440,7800,40.54461327873273
7379086,24000,66.85634317796136
7378955,20000,53.45155873906908
7377467,33950,45.13476616612914
7376490,3525,29.46428970007923
7375391,5075,30.463351247105493
7374971,16000,38.812374238329554
7371731,14500,48.4968305203469
7371114,11450,42.00522555859792
7368135,5800,37.33299290295675
7367734,6700,37.62766218369711
7367648,9000,45.02649248757688
7365470,31825,59.90318591919078
7355543,10200,43.74917860537164
7355517,8000,39.489150150664535
7355327,12000,40.43654993007088
7345450,22000,67.68296233949624
7345361,15000,45.9425613798191
7342489,6100,42.24934893974089
7342254,19750,63.53963689715954
7341340,6000,35.11554000464663
7341144,11100,50.3690624193932
7340649,10000,44.757589132599406
7339190,15000,51.3666442426379
7339016,23500,61.048901165499885
7338541,17475,56.225275404809686
7338327,35000,64.90970634465596
9795476,8000,43.940629936442015
7337192,19200,45.69086981395994
7335553,28000,56.9617082230763
7335029,25000,51.9766554518088
7334848,6000,40.63940256419211
7334581,26000,42.82156296375991
7325239,20500,49.40801565852429
7314645,15000,53.30267087919375
7306868,4500,25.453938780324
7306474,16000,48.87524102697744
7297069,5000,36.83629001870963
7296983,14825,41.558086154488656
7294652,7775,46.061420349695744
7286854,28000,43.78552834260082
7285932,10000,47.04229634857146
7285549,8800,33.50126876890691
7285412,13000,45.916339569158666
7285298,17475,51.531224006007264
7276410,16100,52.46847251414838
7276350,6000,42.87376820216362
7274725,35000,78.11614079199049
7266387,12000,41.18806555060375
7266151,12000,41.894213170762406
7265268,10000,50.81133988511827
7184594,10000,42.10553594387644
7174575,10625,39.777783506283775
7104379,16000,51.13286996264907
7101360,10000,47.67042159475475
7100764,18000,61.23274236124975
7099941,10400,44.685523058659
7099276,5700,33.699201106713666
7097949,7200,45.07727360230695
7097490,20000,61.83748338768941
7097383,6200,44.13286854276826
7096856,8725,43.82041267821452
7096755,10000,45.89214886451799
7096121,24375,57.80134415478823
7096060,27300,56.54243481311683
7094777,22250,58.443506620197184
7094263,8000,45.78046835640106
7093871,12000,50.31145350010807
7092892,11000,39.97803337686318
7092311,10375,48.89580006471455
7090859,16800,41.21338627291345
7090233,12000,43.0738084349477
7089396,12000,53.84534089427999
7088967,25000,31.30837675832028
7088790,12000,52.80468340320537
7088749,6000,35.50934654955716
7088747,6000,29.33692443637043
7088488,30000,53.755980936445546
7088403,25000,53.296632725265496
7087550,12400,47.67480833429157
7087059,18825,53.838375179842224
7086706,8725,39.617229020973625
7086517,12000,44.753108276752485
7085872,10000,48.071288376354
7084967,25000,47.40350127589693
7084784,7200,37.69927207082191
7083903,19200,35.06011020221157
7083241,25000,38.00990957640872
7081053,10000,43.475962043484216
7080925,18000,56.83006820732668
7080188,27575,65.63910563529585
8666987,8325,37.745191833908336
7079544,9000,29.49901087418078
7078652,10000,28.54918772358279
7078466,21250,50.30881385951976
7078135,26325,40.30165128826489
7077925,20000,65.62878001754726
7077329,21850,60.87291366846313
7074685,8875,46.36914382515533
7074302,14000,28.589128361004825
7073801,30000,60.980841446455386
7072383,7775,31.932707237834084
7071851,5550,37.84238594730616
7071688,9500,38.72420347174181
7071558,12800,52.54736110979484
7070315,20000,55.5159822278246
7069274,7200,43.54861664116352
7068923,11500,34.141083040444386
7066267,9450,42.72268377788328
7065992,15000,34.9907230310052
7065116,21000,61.609393509766846
7063711,10000,36.23331304149264
7062323,11200,52.8776417827435
7061600,12000,46.247424429364
7058324,17450,36.96936948673534
7057921,11500,35.99106181897093
7057840,19950,47.48255441517021
7056102,13250,44.01954327250295
7055164,10000,29.94659600331489
7053799,10800,41.66835335272794
7053646,10625,45.26661169987361
7052519,5750,31.444028971067294
7052078,18000,54.617962796285454
7050034,9600,49.41178558981562
7049595,6250,39.08285991238502
7049042,24575,62.18264738119327
7048735,8000,20.14546342207278
7048718,13000,49.95921788668107
7048174,8875,40.50866769532413
7047576,15000,51.00931559504632
7046639,15075,51.06316955974994
7046542,10200,43.25511985520124
7046514,6600,27.82356752077541
7015179,20000,56.985817061800375
7005797,25450,45.07239411139958
7005503,18000,57.07576780741131
7005192,19075,63.836999009182335
7004640,5000,29.627344523266064
6994749,12000,26.41086932630438
6984619,5000,41.26524371053084
6975657,12000,43.17961909108328
6975083,11100,26.98818960688304
6965056,12000,52.99824000101619
6955641,8325,43.12007563367136
6955545,6625,36.90082096914907
6938566,9600,42.93036680242148
6938327,20000,36.85491020086574
6938145,35000,51.2496914073613
6938090,24000,66.43851357913569
6937759,18250,59.87513818030267
6937368,20000,47.53548203788198
6936318,20000,63.70759753933169
6936059,9950,52.293615016888666
6935833,8000,41.118750288052745
6929567,19400,41.99039557223861
6928841,15000,55.62062884409819
6927798,4750,38.078208425688445
6926717,13000,53.23850918899823
6924950,6250,42.137700076011406
6920055,30000,67.04403931026934
6918580,20000,53.25810435921025
6918266,18000,54.78559282890596
6915411,29100,64.63343132873214
6907813,4000,38.223747043678166
6907673,10000,37.942628145925006
6906649,20500,58.02354038238384
6904594,24575,54.019616516074976
6900041,2650,29.747146193424253
6899899,8000,44.360175286585765
6899797,6300,27.75454852640581
6899300,20000,60.570770868385615
6899158,18000,49.57816572362236
8628747,6000,41.047322643710494
6896499,4000,34.300838311462776
6889412,8325,45.58186843501432
6887020,5375,29.1473563945916
6886924,6000,41.88448713636122
6886511,30000,58.21222187013311
6886361,15000,46.60743878798469
6886255,5000,41.26885923775365
6885939,28000,62.61332893586216
6885700,18000,40.8536866119049
6878379,14000,24.668480010958497
6878199,15000,38.18040553354076
6878068,35000,56.64509792787452
6878028,10000,27.663212200769525
6877685,16000,52.0984131591297
6876770,10000,28.840456176336243
6876380,28000,64.53567481612997
6875794,15600,35.455772503425564
6875655,10000,43.68967012272029
6874760,14550,48.936572266188485
6855371,15000,28.855885369826453
6855016,19075,50.77052097087443
6844985,7500,44.00531005307716
6837802,10800,33.6588287703464
6837490,30000,52.42388829263239
6836807,6950,35.07065891654145
6834930,35000,64.06543394042129
6834906,11325,43.07535754206779
6828801,21000,63.53388219710819
6828689,10500,51.03335483381476
6827192,12000,50.90953835712006
6826917,31000,70.80901836509094
6826873,4000,34.8183989462468
8628697,10625,45.487798615969616
7724943,20000,41.2877874254205
6825419,10000,28.42213567153585
6824775,8325,44.79685340029655
6815821,17000,47.76095945227686
6814845,5000,36.98824272334621
9645074,10000,35.87385735445006
6805440,18000,51.55931502062513
6788344,2700,20.3647626581646
6788337,10000,31.910892631100594
6787354,9900,50.22884407621307
6786810,9000,46.62714170270145
6765386,18000,38.83095556017357
6765197,30000,69.42572332165791
6755098,23850,63.05686734530084
6754617,21725,53.77973035159504
6739645,35000,48.98323913034863
6738805,11200,47.63783112290353
6738774,12000,49.562754763924666
6737745,9000,32.75327366898279
6737700,20000,30.510626107855565
6736894,12500,45.434096377163776
6736722,14400,52.715679352803946
6736410,16000,50.52934821442019
6735166,5000,41.74667003680253
6729617,21725,56.99682929909982
6728753,10000,44.97194214628819
6727964,8000,44.30728760702745
6727565,29175,52.173572702795255
6725724,12000,47.46426075115199
6720021,15000,41.42393944315534
6719975,35000,73.63285750649814
6718916,28000,62.91557636086491
6717890,4000,35.41551053641619
6717475,35000,71.62309556244013
6716863,12000,54.64807319930171
6716764,7000,32.61245093068065
6716016,15000,60.17811379840568
6710132,35000,57.13129069850734
6709529,9750,40.76503820960541
6708543,10000,33.84289690252745
6707389,16000,38.56155595093882
6698478,11500,42.25565670238946
6698266,5400,37.3889362412699
6697456,8450,48.19886908926669
6697123,5500,28.546776508104127
6696649,10000,43.99197699415547
6696452,8775,34.72366287800834
6695829,5800,35.0008836722037
9165246,14000,46.77671632150752
6635501,14400,57.24891015570247
9744792,12375,42.997257959071874
6626666,18000,23.87240542353044
6626218,17050,33.654915073078634
6617825,15000,53.604644905538365
6607226,24925,52.76982053974918
6605630,18750,56.65711901681297
6596621,18000,39.77637584221888
6580330,2000,19.634134152870324
6571732,15000,49.10292098984643
6571538,19075,43.23366472081253
6552556,25000,20.89484928797448
6543225,30000,71.3570310928678
8588843,9750,50.56370784542934
6531001,15850,49.792771903340295
8184976,4200,34.76710824917189
7676458,20000,54.31453658811228
6495391,9500,51.75822003827832
6455549,18725,54.92266912279899
6404977,17500,48.24000243795204
6376328,20000,48.96603074569349
6300304,18000,62.59558103208936
7073720,12375,42.40393919837198
6235453,18000,51.27027225116174
8588854,5600,23.07353967247386
9077124,7750,36.58613920385292
9134795,20000,58.98147943767854
5979596,17500,37.17661618397233
5904590,10400,41.74626622488119
7708980,3000,34.63976039728772
6839747,18825,61.77026614477792
6808830,7425,39.47854933531201
6415627,12000,53.93733926793265
9207726,25000,45.79563304623395
7726189,7000,39.51799187726379
9484719,8400,40.12893563121539
5434646,21000,51.30437343473828
7679531,21200,65.62902301139357
5335702,18000,31.1332450356785
5165868,13975,54.71587495804958
7296803,8000,47.71131583251034
8315006,12000,39.03835043167395
8611080,15000,50.59495303087099
7101363,21000,56.16145097202683
6787958,25000,52.942898950597865
4624626,8400,42.856657329623225
4545335,10000,45.705279783603046
4524727,14000,50.18378300627157
4455055,22750,58.845898583249166
6532850,24250,37.44354566217065
7060545,24000,41.6317749901847
7629461,14500,57.58527659791631
8557300,10000,38.45109737735466
7917269,20000,63.09520561131768
7098119,29700,68.99446312240013
8225240,8500,31.23734995704557
7720594,18000,47.67981338787448
6474917,35000,78.37297232214345
6908234,17000,59.69828143559632
6597071,18000,57.86689236762618
9011257,20050,51.6593668476071
6874773,24000,46.47048782338824
10094944,19000,61.04356535534117
3494972,16000,42.60409517875285
7084268,12000,43.24420674018502
8568008,20000,61.82481429708932
7441059,7000,29.390854971339348
7053947,20000,34.73823719051052
6699783,28000,61.19036813451496
8314626,20000,36.267495706031895
8979473,15000,54.2506465074497
8845192,5000,24.75075996672569
9027078,10000,36.81765124952501
7387210,7925,35.575283066678075
8147851,4500,38.31416978543177
7067594,4300,37.007438826884616
7450022,15000,45.85340166410095
6727536,16000,49.085650945485085
8608228,30000,64.97013718696367
6396502,15000,59.460240553982445
7710539,5000,37.6642230357901
8315473,20000,62.09440263641231
8124787,10550,37.271828014931934
9664599,20000,53.54247934901248
9165385,8000,30.35508927269325
9836579,23325,38.76432324679926
7638183,23500,34.000053331958874
6582018,19500,52.330297885258815
8618426,8000,45.43915412015318
10167666,8000,40.48310673314616
8964594,35000,69.77508573735994
9284925,5850,35.906766892467125
1036774,7000,33.20881086220119
1069410,21000,68.3494323315807
1067126,21000,39.85365103273613
1066798,9500,49.49546337778277
1066215,24000,46.69107456736557
994715,18825,27.40462783069751
1062536,3000,35.815335997344235
1062330,11000,37.44646822087959
1062414,5000,41.098174163577546
1062248,9750,44.59411667776225
1061643,29000,62.95605950636874
1061869,20675,46.78012044415205
1060979,7000,29.64568446267856
1060485,14125,48.51582011372212
1059620,12000,39.3175662992646
6874851,10000,48.333331001368734
1057358,5350,31.35143426944032
1053953,10000,43.715654011982565
1053935,8000,47.321013649523074
1053092,10000,34.832606686925274
1052485,5325,42.96220176374748
1052225,16000,44.03452364087738
1051809,4000,27.129228169364016
1051720,2800,25.57235435001497
1050995,25000,52.12761518673855
1049553,35000,44.61071834147592
1048621,35000,54.72197170813706
1048337,15000,36.740568863592536
1045540,15200,29.64832149598276
1040467,10400,55.385872483061696
1038273,18000,52.22939126934996
1037812,6000,36.68282967853766
1037540,6625,34.49093295340735
1037138,15000,34.12575344705911
1036700,5400,26.421241923681457
1036603,12000,44.79343295086535
1036113,5050,34.7051492634162
1035167,12600,32.238917699628374
1047133,3000,29.22462134513019
1034529,14000,40.40702075415844
1033444,7500,37.25690638718838
1032057,8875,32.01558880970514
1031631,6100,40.89432694365351
1030851,7200,40.20976797510006
1020966,12000,51.48003394362992
1018997,24000,56.37879931367533
1016371,18250,49.81096952860653
1015995,22900,59.93539808036444
1014847,4000,30.078637220138024
1011404,5500,38.67362436439629
1009673,20000,28.03418215116395
1009531,22000,34.44005820543606
1004991,7000,21.642519263256048
1000267,10800,37.13583310982003
1018784,14300,47.42937769574211
994525,4200,25.909003096722763
994164,35000,45.33635730655718
993894,6000,22.719647597924745
993852,18000,55.64304040489599
993503,10000,39.2316716658492
991421,4000,28.89071619421265
988301,19425,38.87616905284353
987927,10000,43.10985169366509
985107,35000,41.22467217148391
982314,6000,25.10231638928124
981482,35000,23.296412436814776
981878,16400,42.45915754710423
978511,3000,34.08169342369805
987663,25450,61.24486940938164
975146,2000,26.770332483778912
975109,14400,40.297680703587446
973424,8000,51.77745556154916
973077,9800,35.91161886019454
7628117,28200,67.29956224708192
972414,16500,34.89498594620906
971765,25000,38.96331335908061
971404,35000,29.401175964360203
968114,6775,43.600704391682335
968014,7925,24.151090936309583
920743,35000,75.10374346363628
905862,8000,46.09346893369722
894434,30000,60.01988908914333
891404,15250,46.58382727347952
890816,6000,48.300678327986695
890155,10000,48.97150746056855
889707,35000,37.43143311606061
887616,20000,52.96294540782749
887402,7000,19.329009602808583
886294,4000,32.543792007548994
885909,30000,80.92125414631472
884903,5000,46.31878330032931
884048,12625,48.795145243964
881074,26850,59.67126666206563
879160,20000,46.23735729234775
877581,5000,44.297813004005256
875547,30000,36.80512866319453
875305,3000,25.722860395578167
875114,4200,33.22603598696784
875113,12000,49.04663890486313
874747,3000,30.22341583416028
874021,8000,49.03440130077513
872334,15000,60.084832260122205
870061,25000,60.050258990779646
866089,13250,33.30769660477125
864733,5000,30.28692467043832
861835,18000,33.29265837031932
861671,21000,44.99029487139051
859762,13600,48.89643765651371
858164,35000,45.0986269811696
854481,8500,30.97544316679971
967930,16000,54.26070583332222
851770,6000,39.46587357616973
848273,15000,41.2289502324863
847448,21200,38.71017336077038
847089,25000,42.36747197115578
845275,8025,50.31858376537764
845188,8000,27.86917497895291
844853,4500,24.80609931912223
844621,4000,29.60772682289809
841822,5000,22.392179287671915
841014,10000,54.20310190774792
837055,7100,38.165293401608224
835523,3000,19.82812662950852
832861,2600,32.92515569893864
831404,23000,37.31248645605772
831318,30800,35.55504186296794
825223,4000,23.94367090074353
825164,14125,26.660118118193665
7524676,12600,48.718341624686346
824151,1600,22.43758885538757
820963,2000,33.68496589033527
819404,25000,27.9677105339038
817676,8325,33.11668243896256
813780,12000,27.15486284615532
812577,13700,47.69693610410575
867756,35000,57.166361677204456
810093,7600,45.78606535451198
815170,4800,26.981076776288024
806925,10500,44.028623499570216
805279,13500,28.145173248784147
808650,16000,69.43727248012374
802348,16000,42.98421381204069
799024,1000,22.308778850685208
798976,5000,41.223429988327865
797250,6000,39.29886911105044
793134,10500,25.31528017959816
792034,12000,51.7488374864379
789842,5000,36.9978646085416
789502,13000,44.35152848092057
786940,5000,46.10933854135132
784918,7500,39.77967258428929
783020,12000,29.38777071713692
782425,4800,32.05942170030519
778440,12000,41.473945104092806
778167,1300,24.07302936048439
775712,33000,60.26488619888675
775388,35000,68.28877492981776
774290,35000,60.78676360652408
769744,5425,25.70309810841199
768334,28800,76.69222338196077
767902,6000,33.98778171037045
763665,9000,26.699857016136047
761733,10000,55.72947280611855
759306,11000,43.71942924366815
758597,4800,30.167807786899864
756045,3600,26.63923400252144
755294,24000,57.5005252954354
755186,16000,28.90609363999457
747338,15000,63.6012421719642
746727,10000,44.28151438321752
746373,16000,56.40216654764667
746762,9975,18.949385360916253
741982,7550,53.72136152083934
741781,8000,33.59754929783107
741105,30000,66.24575137904648
739289,11250,19.90665752100105
738778,29500,28.32216294667622
738148,24000,67.82457110894445
736548,5350,20.154786500344343
735654,20800,51.75065302661279
735439,15000,51.02253100013124
730185,17600,54.0942818803591
727397,7000,48.520751971895
726234,17000,54.49474062259365
726038,35000,72.67757001713201
724732,25000,39.04642259490939
723498,4200,26.64951808525775
723487,27300,28.16542190654193
721195,20000,62.86702363160216
719166,14000,30.880579510489333
714769,10000,25.28229088412279
712914,4000,36.92791862679301
711577,17000,43.29574482695018
711545,6000,46.522362669700605
711528,18200,55.31253704531679
710743,16000,26.846441490050573
709259,6600,33.64151936426452
708626,9600,31.30499598562709
708328,2400,20.77708583880915
706795,16000,59.92422045381694
703280,15000,52.41949812140034
702096,8000,19.332266307139857
699300,26000,57.25830496192494
698538,15000,54.11659291113534
696672,16000,45.90267454290331
695035,15000,48.27505259647571
692755,35000,71.3876148774526
690178,15000,37.77992853898488
689461,15000,49.02757287486728
688840,18000,50.5254689034257
688799,19000,58.27287976616216
684430,18000,65.36787953801314
681850,12000,43.68094047461424
680992,6000,34.79424374772467
679053,10000,28.990870458201265
675717,2500,24.53649565208516
673623,5400,30.3904429372958
673001,10000,25.27933662595739
670808,17000,48.66903347237911
670462,26500,27.71586136376901
668685,11650,37.134305207071165
667320,10000,28.57922406261246
664680,12000,47.42027722835282
661361,9600,29.163834690656635
659745,5000,23.39355450602021
659533,15250,70.322480827036
659099,25000,66.70743844520683
657891,17600,53.513570005347006
656945,5500,25.255050991444623
651913,4000,33.45683269784533
651824,20000,56.507177614761865
650598,15000,53.08140725976339
649682,10000,38.200844347414105
646020,10000,40.50720282784504
645050,8300,33.37159228256381
644163,14000,40.33356821173858
643860,16800,53.46266186827463
643621,5000,27.410534288031435
643484,15000,45.56469614495917
643182,6000,24.49169291006384
643152,9600,31.84229006548309
642826,6800,28.776344867981724
642777,7050,21.274935584062995
642766,8125,45.84503034574755
641001,22000,71.46902542339365
640529,16000,57.24530828071152
638227,22000,45.46300692086181
637696,12000,27.361136291322016
637256,25000,61.41073621925767
635771,4500,28.72149246480286
634029,2500,33.22693375057763
632851,10000,40.42048104005944
631310,20000,45.2531810021908
630916,9000,45.71754776802164
629006,15000,57.64707007267046
627320,15000,42.585894261886544
627274,10000,41.0315516636761
626717,25000,59.33291348068641
626523,2900,28.994036842488747
626172,15000,43.43732085461159
622608,25000,26.85505867190476
621874,14500,34.56875381670001
621218,6000,46.74723781658656
621149,19750,26.31799229187722
620390,14100,59.35414563555024
619881,5000,25.172271742133287
619290,16000,63.40325749403805
619086,4000,24.775808025645738
617717,18000,35.9191436586303
616829,5000,26.589731719505515
612541,10000,28.755589081133905
607878,25000,47.55265740925657
607017,10000,54.03417340880549
606069,23500,46.2432006071728
605309,25000,50.71439776348004
605061,5300,29.557942236916887
603853,15000,71.22219910713395
603803,24250,37.408899897406194
603683,4000,30.95138603164898
601162,21500,58.1036714657603
601037,8000,45.02397501884379
600641,3000,37.01833210213957
599432,15000,56.392755830190026
599394,20000,31.39655948405884
599351,12000,25.73082645478548
597671,6000,24.17148236211821
596915,16400,36.152947478985766
596195,24000,46.80655918220326
595047,20000,51.84706369804845
593946,10000,49.11424933623015
589107,18250,62.136164710790254
588455,18000,36.01911898761172
588267,7200,47.76111370312512
587874,5000,34.77802538730267
587548,13000,55.3475205145899
587513,6000,31.46224937588672
586508,5600,40.79077793527269
583852,24250,50.57459309971924
583711,15000,63.19484712788323
582305,20000,24.98483186641172
581198,14500,36.00017835437706
580436,13000,60.51166472877129
580277,9600,29.804740816439228
579977,7500,29.95642034795148
577862,10000,23.906495792516104
576557,14000,53.40566277553876
575902,25000,45.64924608859605
574184,6000,26.88557510723548
573817,16750,47.86206174649983
571768,19000,61.80733416151472
568525,7000,47.90962944065127
566833,6500,34.29086218155313
566428,22000,29.934177370897835
566133,2500,19.12327646982451
563983,12000,57.28659526798986
561454,22000,37.08036715802182
561392,4000,20.56472659449689
559560,12000,46.9645394102054
559175,3250,35.612379298200764
555232,7000,23.60538233920093
550664,6000,36.22930309928336
550122,10000,22.03517024651041
548796,2500,34.793664776161435
548241,25000,49.00048419561109
544972,15000,51.04685001075166
544216,8000,50.26097412318815
543973,10000,50.30019835355187
543331,3950,25.05277081531084
542592,10000,58.772325489695874
539850,10000,33.116204058569664
539128,10500,22.530343046665987
536794,10000,22.12569689570434
535873,7200,31.625374646218106
533581,9800,40.44450794031996
533418,10000,29.51065573298005
530659,4000,27.769665289497443
529168,2000,35.04946012956048
527447,7000,31.513860213879862
526111,18000,29.325549721070885
525314,15000,51.44477280289801
524955,10000,23.14422448606925
522028,11200,34.05403619909767
519857,7200,28.13963275796394
519281,24250,46.46529938128823
518628,3000,24.04361999328629
516255,12000,55.37090063163073
516043,25000,43.79039285499411
515874,5000,27.71796333284428
515070,25000,60.79733689975388
514258,25000,62.451210367893474
513640,5000,46.340890990343794
513631,10000,24.78203928214276
513563,9250,33.89173315253406
512139,10000,34.63367557248608
509250,10000,30.03858376179221
508931,3000,20.37134812649917
505793,3500,23.12632648859348
503704,10000,27.655072012393827
503502,10000,37.228970389963095
503395,18000,58.674371244496406
502105,25000,64.71180319574462
502094,8000,52.61839795953623
501044,25000,25.48888618224042
495478,9600,56.59783768960116
494891,5550,32.645608915470746
494123,10000,35.26088902206233
493703,4000,34.345388420453645
492654,19750,32.57527517593185
491939,25000,46.60673673216092
490650,18000,60.675849963372805
489161,3200,30.55645358172544
488783,15000,57.07811783211142
486607,15000,36.27220864306959
486069,12000,30.10201807820424
484483,18000,58.37314939497378
479712,15000,42.91275944047936
478260,20000,41.01597774475989
476500,5000,19.9027305416768
469107,8000,36.99867689720703
467583,10000,32.156705941420604
466126,18000,41.76685072413377
465413,3500,27.04504195913802
463612,12000,48.14615772354226
460920,8950,36.886289737898046
460185,9000,50.20053347668263
458871,12000,30.14114222753381
458153,2500,21.8638971082451
456335,5000,33.07874213290509
454329,7500,48.27746796374788
454043,6500,32.04299098015185
452112,14600,37.29936410466871
451708,11000,45.77431007457061
451027,14500,39.51029732428581
450656,5000,31.62147787129033
449172,9000,38.05185632460576
447475,25000,50.61941348255593
446864,5000,30.166915421610884
445728,9000,51.092118734370494
445465,15250,41.3140517843046
445134,9250,28.700800404846035
444944,24000,61.523745798000405
443474,4000,20.741409689300067
442354,6000,36.58334173033621
441547,7000,35.36885244192435
439523,5175,28.26566876456556
439482,9000,35.69446780999305
438256,12000,54.81968365045606
437951,15850,46.81359910141873
435180,6000,30.145227958468546
434191,10000,34.8913395737991
433245,10500,40.73746440939042
430908,7800,41.750842304636016
430646,15000,44.26505406591054
430012,21600,44.03089297167546
429733,15850,59.27118457711512
429696,14800,45.28132189992965
429572,12000,29.87946837423405
425279,4000,26.441470757494063
424804,12000,37.25564129996837
427370,6000,47.32221839681892
422374,4800,39.79751743863415
419640,16000,62.1692618438257
418217,5000,28.81707352455713
415553,3400,32.99318438184542
414465,20000,35.55753857905048
413036,9200,29.40486033537734
411258,9800,48.69585136377989
405898,12000,33.82118152092167
402839,8000,36.57612754777156
400900,5000,37.02934709892744
398197,14500,44.37847154874717
393476,6000,28.47561075402816
390897,10000,30.79935696295312
390038,9000,46.20608549170792
389675,3000,29.540558897642608
388115,8000,28.177863100852665
387069,5775,28.963722280339184
386455,17000,56.43438149049222
384343,6000,39.31567083590578
381882,3500,22.132605211319422
381861,5000,23.66640905959329
381261,20000,60.13134040732536
557997,4750,34.850410491238925
377775,7500,22.752259279353066
377380,12000,43.77102017814788
315196,24000,56.462873657237935
373257,10000,40.051469743956766
371025,8000,45.70494281224049
370696,10000,53.170152714167806
370339,8000,52.14791204654403
370308,2500,31.8445279096366
371341,15000,62.45265938685947
367414,10000,41.26603573706872
365344,25000,48.56245808738552
363683,2500,31.043298015511617
362809,24000,35.38991021886521
362272,2400,33.882536031749424
360022,10000,38.260791097260295
359903,15000,42.12854836193136
359468,14400,54.109797615377055
358508,6000,37.71854219869899
358312,10500,30.24765829665299
346656,7500,47.09394726925207
333783,6400,25.3374950633286
332728,9525,36.22863469056109
330773,10000,32.83881303736049
327046,10000,30.824500975429505
316948,16000,23.602833082779103
289873,16400,67.45051916343887
288651,3000,30.73733605628615
275098,20000,43.11477493540556
268502,24000,46.029327008832965
265115,11000,39.44490512256829
256991,15000,55.104713394934365
256704,10000,46.34689931431691
254378,10000,38.294050207181485
239843,20000,61.66067512985216
218282,11000,39.841174049728586
208191,9600,44.17932261490773
190846,25000,51.02592941750645
140036,4000,23.95388980202868
111227,20000,70.77072477214564
